Test,olgadoc,calamine,openpyxl
1. 0.15 + '0%'        ‚Üí '15%',‚úì,raw,raw
"1. 1234.5 + '#,##0.00'‚Üí '1,234.50'",‚úì,raw,raw
1. 7 + '000'          ‚Üí '007',‚úì,raw,raw
1. 0.5 + '# ?/?'      ‚Üí '1/2',‚úì,raw,raw
"1. 1234.56 + '""$""‚Ä¶'    ‚Üí '$1,234.56'",‚úì,raw,raw
1. 0.99999 + '0.00%'  ‚Üí '100.00%',‚úì,raw,raw
1. 1.2345e-05         ‚Üí '1.23E-05',‚úì,raw,raw
2. Duration 49h30m    ‚Üí '49:30',‚úì,‚úì,‚úì
3. Merged region replicates across rows,once,once,once
4. Hyperlink URL attached to its label,‚úì near,‚úì near,‚úì near
5. Cell comment 'Marlow-Chen' surfaces,‚úì,‚úó,‚úó
7. Intra-cell newlines preserved,‚úì,‚úì,‚úì
10. '#DIV/0!' surfaces,‚úì,‚úó,‚úì
10. '#N/A' surfaces,‚úì,‚úó,‚úì
11. Named range 'MyTotal' surfaces,‚úó,‚úó,‚úó
12. Hidden row leaks into output,leaks,leaks,leaks
12. Hidden column leaks,leaks,leaks,leaks
13. VeryHidden sheet leaks,leaks,leaks,leaks
14. Data-validation values surface,‚úó,‚úó,‚úó
